source_id,siglum,kind,title,path,physical_exemplar,independence_status,role,sha256,provenance,coverage,notes
LEGACY-01,L1,electronic-transcript,root/001.txt,source/archive/root/001.txt,unidentified,same legacy workflow; not independent witnesses,provisional governing source,17ea0d8ee82a435fb37211802c8e607dee071a1dce60623811c427df94e2ea06,https://github.com/Lotus-King-Translation/Phagmo-Lhenchig-Kyechor/blob/396428b4d94b446448db9460185c554e696c181a/root/001.txt,whole supplied work,Archived bytes unchanged
LEGACY-02,L2,electronic-transcript,root/001_v2.txt,source/archive/root/001_v2.txt,unidentified,same legacy workflow; not independent witnesses,reference only,8b5809182d663abd1ed6d86bc3cd79b26745fb5e85e5834bdc7d8b883a14009b,https://github.com/Lotus-King-Translation/Phagmo-Lhenchig-Kyechor/blob/396428b4d94b446448db9460185c554e696c181a/root/001_v2.txt,whole supplied work,Archived bytes unchanged
LEGACY-03,L3,workflow-artifact,root/001.tok,source/archive/root/001.tok,unidentified,same legacy workflow; not independent witnesses,reference only,35ea28f0e8a69384f41b6955a7627f9ae95660db90731e03beb3320a3e84bed3,https://github.com/Lotus-King-Translation/Phagmo-Lhenchig-Kyechor/blob/396428b4d94b446448db9460185c554e696c181a/root/001.tok,whole supplied work,Archived bytes unchanged
LEGACY-04,L4,workflow-artifact,wip/bo/001.po,source/archive/wip/bo/001.po,unidentified,same legacy workflow; not independent witnesses,reference only,a219ce72f62c68e0b269798f8d8e1394c38366fcfe48d45708b7ae83bbaf42a1,https://github.com/Lotus-King-Translation/Phagmo-Lhenchig-Kyechor/blob/396428b4d94b446448db9460185c554e696c181a/wip/bo/001.po,whole supplied work,Archived bytes unchanged
LEGACY-05,L5,reference-translation,wip/en/001.po,source/archive/wip/en/001.po,unidentified,same legacy workflow; not independent witnesses,reference only,f5429b30f75c1bc03bb6f756e869cf5a2feb0863926f8a6ff664e82e221d2c96,https://github.com/Lotus-King-Translation/Phagmo-Lhenchig-Kyechor/blob/396428b4d94b446448db9460185c554e696c181a/wip/en/001.po,whole supplied work,Archived bytes unchanged
LEGACY-06,L6,workflow-artifact,scripts/run_first_phase.sh,source/archive/scripts/run_first_phase.sh,unidentified,same legacy workflow; not independent witnesses,reference only,3ffc2d1415e8b428c08ae751289fda7aaca7e81061b653f8f313f45ee022202d,https://github.com/Lotus-King-Translation/Phagmo-Lhenchig-Kyechor/blob/396428b4d94b446448db9460185c554e696c181a/scripts/run_first_phase.sh,whole supplied work,Archived bytes unchanged
LEGACY-07,L7,workflow-artifact,scripts/sentences_to_transifex.py,source/archive/scripts/sentences_to_transifex.py,unidentified,same legacy workflow; not independent witnesses,reference only,c24a3963bb8e4b218faade9ea307026c073b00888302f7719971cce3c969c476,https://github.com/Lotus-King-Translation/Phagmo-Lhenchig-Kyechor/blob/396428b4d94b446448db9460185c554e696c181a/scripts/sentences_to_transifex.py,whole supplied work,Archived bytes unchanged
LEGACY-08,L8,workflow-artifact,scripts/token_statistics.py,source/archive/scripts/token_statistics.py,unidentified,same legacy workflow; not independent witnesses,reference only,db967286351d0e5ed4292299aa16143f3e4ab777710bd5f100616b16ae8a5ce0,https://github.com/Lotus-King-Translation/Phagmo-Lhenchig-Kyechor/blob/396428b4d94b446448db9460185c554e696c181a/scripts/token_statistics.py,whole supplied work,Archived bytes unchanged
LEGACY-09,L9,workflow-artifact,README.md,source/archive/README.md,unidentified,same legacy workflow; not independent witnesses,reference only,d8f3ee8cb73bdb27dcbee8974f5815fd3bde5c0a0b458f712b942c83702c6ca0,https://github.com/Lotus-King-Translation/Phagmo-Lhenchig-Kyechor/blob/396428b4d94b446448db9460185c554e696c181a/README.md,whole supplied work,Archived bytes unchanged
