Tibetan,English,Meaning and scope,Allowed grammatical forms,Contextual exceptions,Related entries,Rationale and sources,Status and open questions
ལྷན་ཅིག་སྐྱེས་སྦྱོར་,coemergent joining,"Title and its explicit explanation at42–45; includes title variant ལྷན་གཅིག་. Coemergent is a local working spelling; existing co-emergent ignorance remains unchanged. | Provisional-source-v1, LCK-000040 | Instruction-system name and title, not an approved generic sense of joining.",Ordinary number and inflection only within the stated scope; no global semantic substitution. | Number and articles as required by the occurrence. | Coemergent Joining when used as the work title,None approved. All uses here remain scoped provisional treatments. | Not a universal substitute for unrelated senses.,ལྷན་ཅིག་སྐྱེས་པའི་མ་རིག་པ་; སེམས་; རྣམ་རྟོག་; ཆོས་སྐུ་ | ལྷན་ཅིག་སྐྱེས་པའི་མ་རིག་པ་ → Co-emergent ignorance; no standalone joining entry | ལྷན་ཅིག་སྐྱེས་པའི་མ་རིག་པ་,"Whole 222-entry glossary and relevant full eight-column rows checked; no exact active headword. provisional-source-v1, LCK-000001, LCK-000006, LCK-000007, LCK-000016; N-A001. | Whole 222-row glossary searched for form, components, longer expressions and English collisions; N-B012. | L0543, L0583, L0589; N-C032. Full eight-column glossary search: no exact headword or English assignment found.",Proposed — not approved or activated. Review the exact scope and family implications in N-A001. | Proposed; Approve or revise this local use; no active glossary change. | Proposed; Owner approval pending.
སྐྱེས་སྦྱོར་,coemergent joining,"Abbreviated title at20–21; linked form, not a competing interpretation of ordinary joining.",Ordinary number and inflection only within the stated scope; no global semantic substitution.,None approved. All uses here remain scoped provisional treatments.,ལྷན་ཅིག་སྐྱེས་སྦྱོར་,"Whole 222-entry glossary and relevant full eight-column rows checked; no exact active headword. provisional-source-v1, LCK-000006, LCK-000007; N-A001.",Proposed — not approved or activated. Review the exact scope and family implications in N-A001.
ལྷན་ཅིག་སྐྱེས་པ་,coemergent,Predicate for the three named items at43. Does not authorize replacing or respelling the established whole-expression ignorance entry.,Ordinary number and inflection only within the stated scope; no global semantic substitution.,None approved. All uses here remain scoped provisional treatments.,ལྷན་ཅིག་སྐྱེས་པའི་མ་རིག་པ་,"Whole 222-entry glossary and relevant full eight-column rows checked; no exact active headword. provisional-source-v1, LCK-000016; N-A001.",Proposed — not approved or activated. Review the exact scope and family implications in N-A001.
བླ་མ་,teacher,"Personal and explicitly named nonpersonal teachers in this work. Existing Guru Yoga retains whole-expression precedence. | Provisional-source-v1, LCK-000040, LCK-000042, LCK-000043, LCK-000044, LCK-000047 | Teacher giving these instructions.",Ordinary number and inflection only within the stated scope; no global semantic substitution. | Number and articles as required by the occurrence.,None approved. All uses here remain scoped provisional treatments. | Not a universal substitute for unrelated senses. | Does not alter the established Guru Yoga whole expression.,བླ་མའི་རྣལ་འབྱོར་ | བླ་མའི་རྣལ་འབྱོར་ → Guru Yoga,"Whole 222-entry glossary and relevant full eight-column rows checked; no exact active headword. provisional-source-v1, LCK-000002, LCK-000005, LCK-000018, LCK-000027, LCK-000030, LCK-000033, LCK-000034, LCK-000035, LCK-000036, LCK-000037, LCK-000038; N-A002. | Whole 222-row glossary searched for form, components, longer expressions and English collisions; N-B012. | L0446, L0503; N-C028. Full eight-column glossary search: བླ་མའི་རྣལ་འབྱོར་.",Proposed — not approved or activated. Review the exact scope and family implications in N-A002. | Proposed; Approve or revise this local use; no active glossary change. | Proposed; Owner approval pending.
གདམས་ངག་,pith instructions,"Instructional transmission; singular pith instruction in the instrumental naming explanation. Singular/plural follow syntax. | Provisional-source-v1, LCK-000040, LCK-000044, LCK-000050, LCK-000064 | Scoped concluding instruction/address terminology.",Ordinary number and inflection only within the stated scope; no global semantic substitution. | Number and articles as required by the occurrence. | Use grammatical plural for the addressed protectors.,None approved. All uses here remain scoped provisional treatments. | Not a universal substitute for unrelated senses.,ཤེས་རབ་; སྒོམ་པ་ | No existing standalone entry; distinguish མན་ངག་ at L0195,"Whole 222-entry glossary and relevant full eight-column rows checked; no exact active headword. provisional-source-v1, LCK-000006, LCK-000007, LCK-000009, LCK-000011, LCK-000016, LCK-000023, LCK-000028, LCK-000029, LCK-000030; N-A007. | Whole 222-row glossary searched for form, components, longer expressions and English collisions; N-B012. | L0583; N-C034. Full eight-column glossary search: no exact headword or English assignment found.",Proposed — not approved or activated. Review the exact scope and family implications in N-A007. | Proposed; Approve or revise this local use; no active glossary change. | Proposed; Owner approval pending.
ཉོན་མོངས་པ་,afflictions,Maintain distinction from differentiating conceptualization and desire/aversion subtypes; includes abbreviated ཉོན་མོངས་ forms.,Ordinary number and inflection only within the stated scope; no global semantic substitution.,None approved. All uses here remain scoped provisional treatments.,རྣམ་རྟོག་,"Whole 222-entry glossary and relevant full eight-column rows checked; no exact active headword. provisional-source-v1, LCK-000008, LCK-000015, LCK-000024; N-A009.",Proposed — not approved or activated. Review the exact scope and family implications in N-A009.
དགེ་བའི་བཤེས་གཉེན་,spiritual friend,"Includes abbreviated དགེ་བའི་བཤེས་; personal spiritual friend where གང་ཟག་ is explicit. Distinct label from teacher, not generic interchangeability.",Ordinary number and inflection only within the stated scope; no global semantic substitution.,None approved. All uses here remain scoped provisional treatments.,བླ་མ་; ལོག་བཤེས་,"Whole 222-entry glossary and relevant full eight-column rows checked; no exact active headword. provisional-source-v1, LCK-000027, LCK-000029, LCK-000033, LCK-000034, LCK-000039; N-A019.",Proposed — not approved or activated. Review the exact scope and family implications in N-A019.
ལོག་བཤེས་,misguided spiritual friend,Adverse counterpart in the student qualifications; extended source form ལོག་པའི་བཤེས་ at90.,Ordinary number and inflection only within the stated scope; no global semantic substitution.,None approved. All uses here remain scoped provisional treatments.,དགེ་བའི་བཤེས་གཉེན་,"Whole 222-entry glossary and relevant full eight-column rows checked; no exact active headword. provisional-source-v1, LCK-000020, LCK-000024; N-A019.",Proposed — not approved or activated. Review the exact scope and family implications in N-A019.
བཀའ་,teachings,"One of the four teachers; specific scope of scriptural teachings remains open. Do not assume speech by a named Buddha absent from source. | Provisional-source-v1, LCK-000040",Ordinary number and inflection only within the stated scope; no global semantic substitution. | Number and articles as required by the occurrence.,None approved. All uses here remain scoped provisional treatments. | Not a universal substitute for unrelated senses.,བླ་མ་; གདམས་ངག་ | No existing standalone entry; distinguish སྒྲ་ → Word,"Whole 222-entry glossary and relevant full eight-column rows checked; no exact active headword. provisional-source-v1, LCK-000033; N-A032. | Whole 222-row glossary searched for form, components, longer expressions and English collisions; N-B012.",Proposed — not approved or activated. Review the exact scope and family implications in N-A032. | Proposed; Approve or revise this local use; no active glossary change.
སྐུ་དྲིན་,kindness,"Whole expression for benefaction/kindness; prevents erroneous free parsing of honorific སྐུ་ as embodiment. Kind realizes སྐུ་དྲིན་ཅན་. | L0296–L0298, with comparison occurrences outside this partition | Complete honorific expression, distinct from the technical embodiment noun.",Ordinary number and inflection only within the stated scope; no global semantic substitution. | recollective conceptual thought(s); kind / kindness respectively,"None approved. All uses here remain scoped provisional treatments. | Limited to this compound and idiom, not a replacement for standalone mindfulness or embodiment | Does not shorten standalone སྐུ་.",རྟོག་པ་; སྐུ་ | བཀའ་དྲིན་ possible lexical relation unconfirmed; do not expand སྐུ་ as embodiment here | སྐུ་,"Whole 222-entry glossary and relevant full eight-column rows checked; no exact active headword. provisional-source-v1, LCK-000030, LCK-000037; N-A030. | Full glossary form/English search; N-B023 | L0396, L0398; N-C036. Full eight-column glossary search: no exact headword or English assignment found.",Proposed — not approved or activated. Review the exact scope and family implications in N-A030. | Proposed; Approve scoped meanings and family relations. | Proposed; Owner approval pending.
ཐུགས་ཀྱི་སྲས་,son of the heart,"Lineage relationship to Mila, not biological son. No standalone heart or mind mapping for ཐུགས་ is established by this proposal.",Ordinary number and inflection only within the stated scope; no global semantic substitution.,None approved. All uses here remain scoped provisional treatments.,ཐུགས་རྗེ་; དགོངས་པ་,"Whole 222-entry glossary and relevant full eight-column rows checked; no exact active headword. provisional-source-v1, LCK-000005; N-A005.",Proposed — not approved or activated. Review the exact scope and family implications in N-A005.
དངོས་གྲུབ་,accomplishment,Technical accomplishment attained through cultivation in Lavapa praise; does not overwrite attainment for ཐོབ་.,Ordinary number and inflection only within the stated scope; no global semantic substitution.,None approved. All uses here remain scoped provisional treatments.,ཐོབ་,"Whole 222-entry glossary and relevant full eight-column rows checked; no exact active headword. provisional-source-v1, LCK-000004; N-A004.",Proposed — not approved or activated. Review the exact scope and family implications in N-A004.
མཁའ་འགྲོ་,dakini,"Transliteration for the named class; plural in line9, not a replacement for space in literal ནམ་མཁའ་. | Scoped concluding instruction/address terminology.",Ordinary number and inflection only within the stated scope; no global semantic substitution. | Use grammatical plural for the addressed protectors.,None approved. All uses here remain scoped provisional treatments.,བླ་མ་,"Whole 222-entry glossary and relevant full eight-column rows checked; no exact active headword. provisional-source-v1, LCK-000004; N-A004. | L0585; N-C034. Full eight-column glossary search: no exact headword or English assignment found.",Proposed — not approved or activated. Review the exact scope and family implications in N-A004. | Proposed; Owner approval pending.
འདུལ་བ་,Discipline,"Doctrinal classification in26, preserving the tame/discipline verb relation. Ordinary verbal occurrences need separate grammatical review.",Ordinary number and inflection only within the stated scope; no global semantic substitution.,None approved. All uses here remain scoped provisional treatments.,ཆོས་,"Whole 222-entry glossary and relevant full eight-column rows checked; no exact active headword. provisional-source-v1, LCK-000008; N-A010.",Proposed — not approved or activated. Review the exact scope and family implications in N-A010.
ཚད་མ་,valid cognition,Named instructional classification at30; does not replace knowing as an unrestricted output.,Ordinary number and inflection only within the stated scope; no global semantic substitution.,None approved. All uses here remain scoped provisional treatments.,ཤེས་པ་; སྒྲོ་འདོགས་,"Whole 222-entry glossary and relevant full eight-column rows checked; no exact active headword. provisional-source-v1, LCK-000009; N-A010.",Proposed — not approved or activated. Review the exact scope and family implications in N-A010.
དབུ་མ་,Middle Way,Classification qualified by freedom from extremes at31–32.,Ordinary number and inflection only within the stated scope; no global semantic substitution.,None approved. All uses here remain scoped provisional treatments.,རྟག་ཆད་; སྒྲོ་འདོགས་,"Whole 222-entry glossary and relevant full eight-column rows checked; no exact active headword. provisional-source-v1, LCK-000010; N-A010.",Proposed — not approved or activated. Review the exact scope and family implications in N-A010.
ཕ་རོལ་ཕྱིན་པ་,perfection,Abbreviated form occurring without discerning knowing; do not silently add that component. The fuller established expression retains its full output.,Ordinary number and inflection only within the stated scope; no global semantic substitution.,None approved. All uses here remain scoped provisional treatments.,ཤེས་རབ་ཀྱི་ཕ་རོལ་ཏུ་ཕྱིན་པ་,"Whole 222-entry glossary and relevant full eight-column rows checked; no exact active headword. provisional-source-v1, LCK-000011; N-A010.",Proposed — not approved or activated. Review the exact scope and family implications in N-A010.
རྫོགས་ཆེན་,Great Perfection,Classification grounded in completion of samsara/nirvana phenomena within ordinary mind; preserve distinction from perfection.,Ordinary number and inflection only within the stated scope; no global semantic substitution.,None approved. All uses here remain scoped provisional treatments.,སེམས་; ཕ་རོལ་ཕྱིན་པ་,"Whole 222-entry glossary and relevant full eight-column rows checked; no exact active headword. provisional-source-v1, LCK-000012; N-A010.",Proposed — not approved or activated. Review the exact scope and family implications in N-A010.
ཞི་བྱེད་,Pacification,"Named classification with its pacifying-suffering explanation; not calm abiding, which has its own source expression.",Ordinary number and inflection only within the stated scope; no global semantic substitution.,None approved. All uses here remain scoped provisional treatments.,ཞི་གནས་,"Whole 222-entry glossary and relevant full eight-column rows checked; no exact active headword. provisional-source-v1, LCK-000014; N-A010.",Proposed — not approved or activated. Review the exact scope and family implications in N-A010.
གསང་སྔགས་,Secret Mantra,Named classification at41. Do not substitute Tantra without source support or overwrite continuum for an unrelated word.,Ordinary number and inflection only within the stated scope; no global semantic substitution.,None approved. All uses here remain scoped provisional treatments.,སྔགས་,"Whole 222-entry glossary and relevant full eight-column rows checked; no exact active headword. provisional-source-v1, LCK-000015; N-A010.",Proposed — not approved or activated. Review the exact scope and family implications in N-A010.
སྔགས་,mantra,Object/application to obstacles at47; not praise. Protective relation is separately explained in the note.,Ordinary number and inflection only within the stated scope; no global semantic substitution.,None approved. All uses here remain scoped provisional treatments.,གསང་སྔགས་,"Whole 222-entry glossary and relevant full eight-column rows checked; no exact active headword. provisional-source-v1, LCK-000017; N-A015.",Proposed — not approved or activated. Review the exact scope and family implications in N-A015.
རྟག་ཆད་,eternalism and annihilationism,Compact pair of extremes in31; preserve source order and pair distinction.,Ordinary number and inflection only within the stated scope; no global semantic substitution.,None approved. All uses here remain scoped provisional treatments.,དབུ་མ་; སྒྲོ་སྐུར་,"Whole 222-entry glossary and relevant full eight-column rows checked; no exact active headword. provisional-source-v1, LCK-000010; N-A012.",Proposed — not approved or activated. Review the exact scope and family implications in N-A012.
སྒྲོ་སྐུར་,superimposition and denigration,Abbreviated pair at31; keep established superimposition component and distinct negative counterpart.,Ordinary number and inflection only within the stated scope; no global semantic substitution.,None approved. All uses here remain scoped provisional treatments.,སྒྲོ་འདོགས་; རྟག་ཆད་,"Whole 222-entry glossary and relevant full eight-column rows checked; no exact active headword. provisional-source-v1, LCK-000010; N-A012.",Proposed — not approved or activated. Review the exact scope and family implications in N-A012.
འཁོར་བ་,samsara,Includes abbreviated འཁོར་ in the samsara/nirvana pair; no claim of a new definition beyond the source. | Samsara in the affliction and hope/fear passages.,Ordinary number and inflection only within the stated scope; no global semantic substitution.,None approved. All uses here remain scoped provisional treatments.,མྱ་ངན་འདས་པ་,"Whole 222-entry glossary and relevant full eight-column rows checked; no exact active headword. provisional-source-v1, LCK-000012, LCK-000022, LCK-000024, LCK-000028, LCK-000031; N-A013. | L0427, L0535; N-C029. Full eight-column glossary search: no exact headword or English assignment found.",Proposed — not approved or activated. Review the exact scope and family implications in N-A013. | Proposed; Owner approval pending.
མྱ་ངན་འདས་པ་,nirvana,Explicit partner of samsara at35.,Ordinary number and inflection only within the stated scope; no global semantic substitution.,None approved. All uses here remain scoped provisional treatments.,འཁོར་བ་,"Whole 222-entry glossary and relevant full eight-column rows checked; no exact active headword. provisional-source-v1, LCK-000012; N-A013.",Proposed — not approved or activated. Review the exact scope and family implications in N-A013.
ཆོས་བརྒྱད་,eight worldly concerns,Numbered idiom at88; do not expand into an unprovided list.,Ordinary number and inflection only within the stated scope; no global semantic substitution.,None approved. All uses here remain scoped provisional treatments.,ཆོས་,"Whole 222-entry glossary and relevant full eight-column rows checked; no exact active headword. provisional-source-v1, LCK-000024; N-A023.",Proposed — not approved or activated. Review the exact scope and family implications in N-A023.
སངས་རྒྱས་,buddhahood,Only attainment/state contexts in this partition; individual Buddha references need a distinct scoped realization.,Ordinary number and inflection only within the stated scope; no global semantic substitution.,None approved. All uses here remain scoped provisional treatments.,ཐོབ་; འབྲས་བུ་,"Whole 222-entry glossary and relevant full eight-column rows checked; no exact active headword. provisional-source-v1, LCK-000026, LCK-000031; N-A025.",Proposed — not approved or activated. Review the exact scope and family implications in N-A025.
བདག་པོའི་རྐྱེན་,dominant condition,Four-condition framework; omitted condition at58 is visibly supplied. Do not read the form as an owner or self without checking the full construction.,Ordinary number and inflection only within the stated scope; no global semantic substitution.,None approved. All uses here remain scoped provisional treatments.,དམིགས་པའི་རྐྱེན་; དེ་མ་ཐག་པའི་རྐྱེན་,"Whole 222-entry glossary and relevant full eight-column rows checked; no exact active headword. provisional-source-v1, LCK-000020, LCK-000027, LCK-000029; N-A018.",Proposed — not approved or activated. Review the exact scope and family implications in N-A018.
དམིགས་པའི་རྐྱེན་,condition of the object of focus,Preserves established object of focus in the technical condition expression.,Ordinary number and inflection only within the stated scope; no global semantic substitution.,None approved. All uses here remain scoped provisional treatments.,དམིགས་པ་,"Whole 222-entry glossary and relevant full eight-column rows checked; no exact active headword. provisional-source-v1, LCK-000020, LCK-000025, LCK-000027, LCK-000030; N-A018.",Proposed — not approved or activated. Review the exact scope and family implications in N-A018.
དེ་མ་ཐག་པའི་རྐྱེན་,immediate condition,Narrow local working rendering. Whether immediately preceding should be specified requires human review; no independent temporal claim is made.,Ordinary number and inflection only within the stated scope; no global semantic substitution.,None approved. All uses here remain scoped provisional treatments.,བདག་པོའི་རྐྱེན་,"Whole 222-entry glossary and relevant full eight-column rows checked; no exact active headword. provisional-source-v1, LCK-000020, LCK-000026, LCK-000027, LCK-000031; N-A018.",Proposed — not approved or activated. Review the exact scope and family implications in N-A018.
སྐུ་བཞི་,four embodiments,Numbered expression built from the established embodiment family; the passage does not enumerate the four.,Ordinary number and inflection only within the stated scope; no global semantic substitution.,None approved. All uses here remain scoped provisional treatments.,སྐུ་; སྐུ་གསུམ་,"Whole 222-entry glossary and relevant full eight-column rows checked; no exact active headword. provisional-source-v1, LCK-000036; N-A035.",Proposed — not approved or activated. Review the exact scope and family implications in N-A035.
དད་གུས་,faith and devotion,Keeps faith distinct from confident devotion. The phrase in29 depends on a disclosed textual conjecture from དད་དུས་.,Ordinary number and inflection only within the stated scope; no global semantic substitution.,None approved. All uses here remain scoped provisional treatments.,དད་པ་; མོས་གུས་,"Whole 222-entry glossary and relevant full eight-column rows checked; no exact active headword. provisional-source-v1, LCK-000028, LCK-000029; N-A028.",Proposed — not approved or activated. Review the exact scope and family implications in N-A028.
ཞེན་འཛིན་,clinging apprehension,Whole compound at122; not a standalone assertion of an apprehending subject.,Ordinary number and inflection only within the stated scope; no global semantic substitution.,None approved. All uses here remain scoped provisional treatments.,ཞེན་པ་; འཛིན་པ་; གཟུང་འཛིན་,"Whole 222-entry glossary and relevant full eight-column rows checked; no exact active headword. provisional-source-v1, LCK-000028; N-A028.",Proposed — not approved or activated. Review the exact scope and family implications in N-A028.
གསལ་འདེབས་,bring clarity,Teacher quality at158; reminding is an alternative requiring review. Do not harmonize with the divergent supplication expression at164.,Ordinary number and inflection only within the stated scope; no global semantic substitution.,None approved. All uses here remain scoped provisional treatments.,གསལ་བ་; གསོལ་བ་འདེབས་,"Whole 222-entry glossary and relevant full eight-column rows checked; no exact active headword. provisional-source-v1, LCK-000034; N-A033.",Proposed — not approved or activated. Review the exact scope and family implications in N-A033.
གསོལ་བ་འདེབས་,offer supplication,"Literal treatment of the supplied explanatory label at164, even though it conflicts with the list.",Ordinary number and inflection only within the stated scope; no global semantic substitution.,None approved. All uses here remain scoped provisional treatments.,གསལ་འདེབས་,"Whole 222-entry glossary and relevant full eight-column rows checked; no exact active headword. provisional-source-v1, LCK-000035; N-A033.",Proposed — not approved or activated. Review the exact scope and family implications in N-A033.
འགལ་བསྒྱུར་,transform adverse circumstances,Instructional action explained through adverse situations in165–173; no generic substitution for contrivance-family entries.,Ordinary number and inflection only within the stated scope; no global semantic substitution.,None approved. All uses here remain scoped provisional treatments.,འགལ་བ་; སྒོམ་པ་,"Whole 222-entry glossary and relevant full eight-column rows checked; no exact active headword. provisional-source-v1, LCK-000034, LCK-000036; N-A034.",Proposed — not approved or activated. Review the exact scope and family implications in N-A034.
ཤེས་རབ་གོ་འབྱེད་,open up discerning knowing,Whole instructional expression; retains discerning knowing. Whether open understanding through/of discerning knowing is more precise remains open.,Ordinary number and inflection only within the stated scope; no global semantic substitution.,None approved. All uses here remain scoped provisional treatments.,ཤེས་རབ་,"Whole 222-entry glossary and relevant full eight-column rows checked; no exact active headword. provisional-source-v1, LCK-000034, LCK-000038; N-A034.",Proposed — not approved or activated. Review the exact scope and family implications in N-A034.
མཚམས་མེད་ལྔ་,five deeds with immediate consequences,Conventional named group at165; no absent enumeration is supplied.,Ordinary number and inflection only within the stated scope; no global semantic substitution.,None approved. All uses here remain scoped provisional treatments.,མི་དགེ་བཅུ་,"Whole 222-entry glossary and relevant full eight-column rows checked; no exact active headword. provisional-source-v1, LCK-000036; N-A035.",Proposed — not approved or activated. Review the exact scope and family implications in N-A035.
དམ་ཚིག་,samaya,Retained technical transliteration in166; distinguish from vows.,Ordinary number and inflection only within the stated scope; no global semantic substitution.,None approved. All uses here remain scoped provisional treatments.,སྡོམ་,"Whole 222-entry glossary and relevant full eight-column rows checked; no exact active headword. provisional-source-v1, LCK-000036; N-A035.",Proposed — not approved or activated. Review the exact scope and family implications in N-A035.
རིགས་རྒྱུད་,spiritual family and continuum,Disclosed local interpretation of a potentially compound lineage/disposition expression; preserve continuum component pending review.,Ordinary number and inflection only within the stated scope; no global semantic substitution.,None approved. All uses here remain scoped provisional treatments.,རྒྱུད་,"Whole 222-entry glossary and relevant full eight-column rows checked; no exact active headword. provisional-source-v1, LCK-000036; N-A035.",Proposed — not approved or activated. Review the exact scope and family implications in N-A035.
ངེས་ཤེས་,certain knowing,Compound containing established knowing; expanded construction occurs in9. Damaged repeated-vowel form at179 is separately annotated. | Knowing qualified by certainty in the quoted instruction.,Ordinary number and inflection only within the stated scope; no global semantic substitution.,None approved. All uses here remain scoped provisional treatments.,ཤེས་པ་; ངེས་པའི་ཤེས་པ་ | ཤེས་པ་; ཡེ་ཤེས་; རྣམ་ཤེས་,"Whole 222-entry glossary and relevant full eight-column rows checked; no exact active headword. provisional-source-v1, LCK-000037; N-A036. | L0442 attests defective ངེེས་ཤེས་; proposed headword removes only the duplicated vowel and is not a source edit; N-C012. Full eight-column glossary search: no exact headword or English assignment found.",Proposed — not approved or activated. Review the exact scope and family implications in N-A036. | Proposed; Owner approval pending.
ཡིད་ལ་མི་བྱེད་,not engaging the mental faculty,Negative attention/engagement construction; preserves mental faculty and does not prescribe absence of ordinary mind.,Ordinary number and inflection only within the stated scope; no global semantic substitution.,None approved. All uses here remain scoped provisional treatments.,ཡིད་; ཕྱག་རྒྱ་ཆེན་པོ་,"Whole 222-entry glossary and relevant full eight-column rows checked; no exact active headword. provisional-source-v1, LCK-000013; N-A014.",Proposed — not approved or activated. Review the exact scope and family implications in N-A014.
དངོས་པོ་མེད་པ་,without concrete existence,Predicative denial at130; distinct from emptiness as an established headword. Does not promote concrete as a default for every thing noun.,Ordinary number and inflection only within the stated scope; no global semantic substitution.,None approved. All uses here remain scoped provisional treatments.,སྟོང་པ་,"Whole 222-entry glossary and relevant full eight-column rows checked; no exact active headword. provisional-source-v1, LCK-000029; N-A029.",Proposed — not approved or activated. Review the exact scope and family implications in N-A029.
དོན་,Meaning,,,Proposed only: benefit in འགྲོ་བའི་དོན་མཛད་ at L0004; beneficiary construction. Keep Meaning as the canonical lexical assignment.,Component of: སྒྲ་དོན་; མིང་དོན་; མིང་དོན་འདྲེས་པ་; སྒྲ་དོན་འདྲེས་རུང་; དོན་སྤྱི་,"G, line 199; Related mappings: G lines 23, 55, 86, 200, 201; provisional-source-v1 L0004 / LCK-000003; N-A003",Proposed contextual usage only — the established Meaning assignment remains unchanged. Review benefit in this beneficiary construction.
བཤེས་གཉེན་,spiritual friend,"Provisional-source-v1, LCK-000040, LCK-000041, LCK-000042",Number and articles as required by the occurrence.,Not a universal substitute for unrelated senses.,བླ་མ་ provisional teacher; no existing spiritual-friend row,"Whole 222-row glossary searched for form, components, longer expressions and English collisions; N-B012.",Proposed; Approve or revise this local use; no active glossary change.
ཉོན་མོངས་,afflictions,"Provisional-source-v1, LCK-000042 | Afflictive states discussed as primordial knowing and in the fire analogy.",Number and articles as required by the occurrence. | afflictions; afflicted when the local modifier construction supports it,Not a universal substitute for unrelated senses.,No existing standalone entry | ཡེ་ཤེས་; རྣམ་རྟོག་,"Whole 222-row glossary searched for form, components, longer expressions and English collisions; N-B012. | L0427, L0447 (མོོངས་), L0487; N-C029. Full eight-column glossary search: no exact headword or English assignment found.",Proposed; Approve or revise this local use; no active glossary change. | Proposed; Owner approval pending.
ཡི་དམ་ལྷ་,chosen deity,"Provisional-source-v1, LCK-000041, LCK-000047",Number and articles as required by the occurrence.,Not a universal substitute for unrelated senses.,No existing deity expression; not a use of the mental-faculty entry,"Whole 222-row glossary searched for form, components, longer expressions and English collisions; N-B012.",Proposed; Approve or revise this local use; no active glossary change.
མན་ངག་,key instructions,"L0195 / L0200 / L0201, as appropriate",Inflect as required.,Do not extend to unrelated senses.,གདམས་ངག་ → proposed pith instructions,Full glossary and adjacent terms checked; N-B013.,Proposed; Local proposal; do not substitute at L0511 without its own source query.
ཡིད་གཉིས་,a divided mental faculty,"L0195 / L0200 / L0201, as appropriate",Inflect as required.,Do not extend to unrelated senses.,ཡིད་ → Mental faculty,Full glossary and adjacent terms checked; N-B013.,Proposed; Local proposal; do not substitute at L0511 without its own source query.
རང་བྱན་ཚུད་,gain independent mastery,"L0195 / L0200 / L0201, as appropriate",Inflect as required.,Do not extend to unrelated senses.,No full-expression entry; compare the different supplied རང་བཞིན་ཚུད་ at L0511,Full glossary and adjacent terms checked; N-B013.,Proposed; Local proposal; do not substitute at L0511 without its own source query.
མཚན་མ་,marks,LCK-000042 | Scoped technical expression at L0509.,Number as locally required. | Inflect ordinary number when supported.,No blanket replacement of related established entries.,No entry; do not equate with མཚན་ཉིད་ characteristic | རང་མཚན་,"Full glossary form/output search; N-B014. | L0509; N-C038; full glossary headword, compound, family, and English search found no complete assignment.",Proposed; Owner terminology approval pending. | Proposed; lexical choice and compound scope require owner approval.
རོ་གཅིག་,one taste,LCK-000040; LCK-000042 | The one-taste relation and yoga/result in this text.,Number as locally required.,Do not infer a separate doctrinal definition from this proposed label.,No entry,"Full glossary form/output search; N-B014. | L0507, L0558, L0560; N-C032. Full eight-column glossary search: no exact headword or English assignment found.",Proposed; Owner terminology approval pending. | Proposed; Owner approval pending.
བདེ་ཆེན་,great bliss,LCK-000042,Number as locally required.,,No entry; related proposed བདེ་སྟོང་ bliss-emptiness,Full glossary form/output search; N-B014.,Proposed; Owner terminology approval pending.
འཁོར་འདས་,samsara and nirvana,LCK-000042; LCK-000057; LCK-000066,Number as locally required.,,No entry; preserve source order,Full glossary form/output search; N-B014.,Proposed; Owner terminology approval pending.
མཉམ་གཞག་,gesture of equipoise,"Construction-specific posture proposal, L0230; canonical entry remains Equipoise",Place the hands in the gesture of equipoise,Only hand-posture construction; not a replacement for equipoise elsewhere,མཉམ་གཞག་ → Equipoise,"Full row read, including explicitly pending status; N-B016","Proposed; Requires approval as a usage, not a new canonical default."
བྱང་ཆུབ་སེམས་,ordinary mind directed toward awakening,The aspiration explicitly described at L0234–L0237,Arouse ordinary mind directed toward awakening,No settled universal bodhicitta wording inferred,སེམས་ → Ordinary mind,Full glossary searched; N-B017,Proposed; Review compound wording and scope; no active change.
མཚན་ཉིད་,characteristic,Characteristic-list exposition L0245–L0278 and its reprise at L0314,Inflection and number as grammar requires.,Do not turn proposed labels into approved general equivalents.,Not མཚན་མ་; no full entry,Full glossary searched; relevant eight-column rows read; N-B019,Proposed; Review the exact occurrences; no glossary activation.
ཁྱད་པར་,distinction,Characteristic-list exposition L0245–L0278 and its reprise at L0314,Inflection and number as grammar requires.,Do not turn proposed labels into approved general equivalents.,No full entry,Full glossary searched; relevant eight-column rows read; N-B019,Proposed; Review the exact occurrences; no glossary activation.
བྱེད་པ་,doing,Characteristic-list exposition L0245–L0278 and its reprise at L0314,Inflection and number as grammar requires.,Do not turn proposed labels into approved general equivalents.,བྱ་བ་ → Doing; distinguish བཟོ་བྱེད་ → Contriver,Full glossary searched; relevant eight-column rows read; N-B019,Proposed; Review the exact occurrences; no glossary activation.
ངོ་བོ་ཉིད་,essence itself,Characteristic-list exposition L0245–L0278 and its reprise at L0314,Inflection and number as grammar requires.,Do not turn proposed labels into approved general equivalents.,ངོ་བོ་ → Essence; not རང་བཞིན་ → Intrinsic nature,Full glossary searched; relevant eight-column rows read; N-B019,Proposed; Review the exact occurrences; no glossary activation.
ཅེར་གྱིས་བལྟ་,look nakedly,"L0254, with ordinary mind as instrument and object",look nakedly within,Not naked resting,ཅེར་མཐོང་ → Naked seeing; ཅེར་གཞག་ → Naked resting,Whole glossary family search; N-B020,Proposed; Approve construction relation; no general synonym extension.
ལོངས་སྐུ་,complete enjoyment embodiment,L0256 / L0262 respectively; latter source has repeated vowel in ངོ་བོོ་ | Linked contracted form preserving the existing complete English expression.,Articles and number according to source,No universal abbreviated-form rule,Linked abbreviated form of established ལོངས་སྤྱོད་རྫོགས་སྐུ་ | ལོངས་སྤྱོད་རྫོགས་སྐུ་; སྐུ་,Full glossary searched; N-B021 | L0570; N-C033. Full eight-column glossary search: ལོངས་སྤྱོད་རྫོགས་སྐུ་.,Proposed; Approve scoped linked form / new compound. | Proposed; Owner approval pending.
ངོ་བོ་ཉིད་ཀྱི་སྐུ་,embodiment of essence itself,L0256 / L0262 respectively; latter source has repeated vowel in ངོ་བོོ་,Articles and number according to source,No universal abbreviated-form rule,ངོ་བོ་ → Essence; སྐུ་ → Embodiment,Full glossary searched; N-B021,Proposed; Approve scoped linked form / new compound.
ངོས་གཟུང་,identification,"L0252, L0260 and later repeated free-from-identification constructions",identify; identification; free from identification,Do not replace ངོ་ཤེས་ recognition family,ངོ་ཤེས་ → Recognizing; གཟུང་བ་ → Apprehended object; construction is distinct,Full family and English-output search; N-B022,Proposed; Approve this construction; related ངོས་ཟིན་ needs separate form review.
དྲན་རྟོག་,recollective conceptual thoughts,"L0296–L0298, with comparison occurrences outside this partition",recollective conceptual thought(s); kind / kindness respectively,"Limited to this compound and idiom, not a replacement for standalone mindfulness or embodiment",དྲན་པ་ → Mindfulness; རྟོག་པ་ → Conceptual thought,Full glossary form/English search; N-B023,Proposed; Approve scoped meanings and family relations.
སྐབས་བརྒྱད་,eight topics,L0300–L0302,As shown; preserve source numbers,Do not identify unlisted members or silently supply a treatise,No whole entry; exact eight unidentified,Whole glossary searched; N-B024,Proposed; Approve local wording and identify unresolved list referents.
ལམ་ལྔ་,five paths,L0300–L0302,As shown; preserve source numbers,Do not identify unlisted members or silently supply a treatise,No whole entry,Whole glossary searched; N-B024,Proposed; Approve local wording and identify unresolved list referents.
དབང་པོ་ལྔ་,five faculties,L0300–L0302,As shown; preserve source numbers,Do not identify unlisted members or silently supply a treatise,"Superior / Middling / Inferior faculty are existing related entries, not a definition of these five",Whole glossary searched; N-B024,Proposed; Approve local wording and identify unresolved list referents.
མཆོག་ཐུན་མོང་,supreme and common attainments,L0300–L0302,As shown; preserve source numbers,Do not identify unlisted members or silently supply a treatise,ཐོབ་ → Attainment; noun implicit here,Whole glossary searched; N-B024,Proposed; Approve local wording and identify unresolved list referents.
འཛིན་བྱེད་,apprehend,L0327 construction,apprehend something as arising,Verbal occurrence only; preserve nominal apprehending subject elsewhere,འཛིན་པ་ → Apprehending subject; གཟུང་འཛིན་ pairing,Full family rows searched and read; N-B027,"Proposed; Approve local verb construction, not a new noun default."
ཚོགས་དྲུག་,six collections,LCK-000072,self-clear (adjective); genuine (adjective); other compounds as shown,Do not extend to different terms or silently expand six collections,རྣམ་ཤེས་ → Consciousness; expansion not inserted,Full glossary and English collision search; N-B029,Proposed; Confirm implied referent / approve scoped family proposal.
རང་གསལ་,self-clear,LCK-000072; LCK-000073,self-clear (adjective); genuine (adjective); other compounds as shown,Do not extend to different terms or silently expand six collections,རང་གསལ་གྱི་དྲན་པ་ → Self-clear mindfulness; གསལ་བ་ → Clarity,Full glossary and English collision search; N-B029,Proposed; Confirm implied referent / approve scoped family proposal.
གཉུག་མ་,genuine,LCK-000072,self-clear (adjective); genuine (adjective); other compounds as shown,Do not extend to different terms or silently expand six collections,གཉུག་མའི་རང་བཞིན་ → Genuine intrinsic nature; no standalone entry,Full glossary and English collision search; N-B029,Proposed; Confirm implied referent / approve scoped family proposal.
བདེ་སྟོང་,bliss-emptiness,LCK-000073,self-clear (adjective); genuine (adjective); other compounds as shown,Do not extend to different terms or silently expand six collections,གསལ་སྟོང་ → Clarity-emptiness; སྟོང་པ་ → Emptiness; distinct compounds,Full glossary and English collision search; N-B029,Proposed; Confirm implied referent / approve scoped family proposal.
ཀུན་རྫོབ་,conventional,Only L0258/L0283; adverb conventionally,Inflect according to the local construction.,Only the attested scope; not an approved general default.,No whole entry; conventional designation does not imply nonexistence,Entire glossary searched; N-B031.,Proposed; owner approval of the scoped usage is pending.
སྒྱུ་མ་,illusion,Only L0258/L0283,Inflect according to the local construction.,Only the attested scope; not an approved general default.,སྒྱུ་མའི་དཔེ་བརྒྱད་ → Eight examples of illusion,Entire glossary searched; N-B031.,Proposed; owner approval of the scoped usage is pending.
ཆོས་,Dharma,"L0201, object of independent mastery; separate usage from phenomena",Inflect according to the local construction.,"A separate proposed usage is phenomena in ཆོས་རྣམས་ at L0205/L0276/L0383. This is an open usage decision, not an activated alternative default.",ཆོས་སྐུ་ → Dharma embodiment; other compounds use phenomena,Entire glossary searched; N-B031.,Proposed; owner approval of the scoped usage is pending.
སྤྱི་དོན་,general meaning,L0223/L0309 topic-heading formula,Inflect according to the local construction.,Only the attested scope; not an approved general default.,དོན་ → Meaning; distinguish reversed དོན་སྤྱི་,Entire glossary searched; N-B032.,Proposed; owner approval of the scoped usage is pending.
ལྷན་ཅིག་སྐྱེས་,coemergent,"Only L0238, whose syntax remains queried | Component of coemergent consciousness and coemergent joining in this text.",Inflect according to the local construction. | coemergent as adjectival realization,Only the attested scope; not an approved general default. | No implication that coemergent consciousness equals the separately established co-emergent ignorance.,ལྷན་ཅིག་སྐྱེས་པའི་མ་རིག་པ་ → Co-emergent ignorance; proposed coemergent joining | ལྷན་ཅིག་སྐྱེས་པའི་མ་རིག་པ་; རྣམ་ཤེས་,"Entire glossary searched; N-B004. | L0440, L0543, L0583, L0589; N-C012. Full eight-column glossary search: མ་རིག་པ་, ལྷན་ཅིག་སྐྱེས་པའི་མ་རིག་པ་.",Proposed; owner approval of the scoped usage is pending. | Proposed; Owner approval and hyphenation review pending; established co-emergent ignorance spelling is not changed.
ལུང་མ་བསྟན་,ethically indeterminate,Local ethical-classification exception; the existing canonical stagnant neutrality remains unchanged.,Adjectival form for the classified differentiating conceptualization.,Only the explicit virtue/nonvirtue/indeterminate triad; no blanket meditative-state exception.,རྣམ་རྟོག་,L0394–L0395; N-C002. Full eight-column glossary search: ལུང་མ་བསྟན་.,Proposed; Owner approval pending.
སེམས་ཉིད་,ordinary mind itself,Compound/construction proposal preserving the established ordinary mind term.,Inflect possession only where the source supplies it.,,སེམས་; ཆོས་སྐུ་,"L0406, L0423, L0475, L0525; N-C005. Full eight-column glossary search: no exact headword or English assignment found.",Proposed; Owner approval pending.
སྐྱེ་མེད་,non-arising,"Linked contracted form, not a new meaning.",,,སྐྱེ་བ་མེད་པ་,"L0406, L0489, L0525; N-C005. Full eight-column glossary search: སྐྱེ་བ་མེད་པ་.",Proposed; Owner approval pending.
རྒྱུད་,tantra,Local literary-source sense; preserve continuum as the existing canonical assignment.,tantra; tantras when the source plural requires it,Only a named/quoted scriptural source.,,"L0431, L0577; N-C010. Full eight-column glossary search: ལུ་གུ་རྒྱུད་, རྒྱུད་.",Proposed; Owner approval pending.
སྙིང་པོ་,core,The core seen through experiential acquaintance in this quotation.,,,ངོ་བོ་; ཉམས་མྱོང་,L0445; N-C012. Full eight-column glossary search: no exact headword or English assignment found.,Proposed; Owner approval pending.
འབྲས་བུ་,fruit,"Concrete referent in the unidentified smṛta analogy, distinguished from doctrinal result.",,Only the concrete analogy at L0450; retain result at L0451 and elsewhere.,,L0450–L0451; N-C013. Full eight-column glossary search: འབྲས་བུ་.,Proposed; Owner approval pending.
སེམས་ཅན་,sentient beings,"Lexicalized compound denoting the beings in the simile, awakened activity, and dedication.",sentient being; sentient beings as number requires,Does not license shortening standalone སེམས་.,སེམས་,"L0480, L0568, L0572, L0587; N-C030. Full eight-column glossary search: no exact headword or English assignment found.",Proposed; Owner approval pending.
བདེ་བ་,bliss,Experiential bliss; contracted བདེ་ in the paired expressions.,bliss; preserve great in བདེ་ཆེན་,,གསལ་བ་; གསལ་སྟོང་; མི་རྟོག་པ་; སྟོང་པ་,"L0422, L0459, L0495–L0496, L0499, L0526, L0536; N-C031. Full eight-column glossary search: no exact headword or English assignment found.",Proposed; Owner approval pending.
གཟུགས་སྐུ་,form embodiment,Form embodiments in the account of beneficial awakened activity.,form embodiment; form embodiments,,སྐུ་; ཆོས་སྐུ་; ལོངས་སྤྱོད་རྫོགས་སྐུ་; སྤྲུལ་པའི་སྐུ་,L0568; N-C033. Full eight-column glossary search: no exact headword or English assignment found.,Proposed; Owner approval pending.
སྤྲུལ་སྐུ་,emanation embodiment,Linked contracted form preserving the existing complete English expression.,,,སྤྲུལ་པའི་སྐུ་; སྐུ་,L0571; N-C033. Full eight-column glossary search: སྤྲུལ་པའི་སྐུ་.,Proposed; Owner approval pending.
ཏིང་འཛིན་,deep absorption,Linked contracted form of the existing deep-absorption entry.,,,ཏིང་ངེ་འཛིན་,L0512; N-C021. Full eight-column glossary search: ཏིང་ངེ་འཛིན་.,Proposed; Owner approval pending.
མངོན་པར་ཤེས་པ་,supernormal knowing,Special knowing listed among common benefits.,,Do not identify with མངོན་སུམ་ solely from the shared first syllable.,ཤེས་པ་; མངོན་སུམ་,L0514; N-C021. Full eight-column glossary search: no exact headword or English assignment found.,Proposed; Owner approval pending.
ཕྲད་འཇོམས་,overcoming upon encounter,Descriptive label retained at both supplied occurrences.,,"Repeated source label remains unresolved, not silently differentiated.",,L0468; L0477 ཕྲད་འཇོོམས་; N-C016. Full eight-column glossary search: no exact headword or English assignment found.,Proposed; Owner approval pending.
མེ་སྤྲུལ་,fire emanation,Unverified experience label in this transcript.,,Do not promote until the reading is authenticated.,སྤྲུལ་པའི་སྐུ་,L0492; N-C018. Full eight-column glossary search: no exact headword or English assignment found.,Proposed; Owner approval pending.
ཆོས་སྐྱོང་,dharma protector,Scoped concluding instruction/address terminology.,Use grammatical plural for the addressed protectors.,,,L0585; N-C034. Full eight-column glossary search: no exact headword or English assignment found.,Proposed; Owner approval pending.
བོགས་དོན་,enhancement,Working sense in the activity section transition.,,Source spelling must be checked before activation.,སྤྱོད་པ་; འབྲས་བུ་,L0545; N-C035. Full eight-column glossary search: no exact headword or English assignment found.,Proposed; Owner approval pending.
གཟའ་གཏད་,fixed aim,Scoped quality negated in this simile sequence.,,,སྤྱོད་པ་,L0552; N-C035. Full eight-column glossary search: no exact headword or English assignment found.,Proposed; Owner approval pending.
ཚུལ་ཆོས་,religious pretense,Scoped quality negated in this simile sequence.,,,སྤྱོད་པ་,L0554; N-C035. Full eight-column glossary search: no exact headword or English assignment found.,Proposed; Owner approval pending.
བླང་དོར་,accepting and rejecting,New paired expression preserving source order and related English family.,,Do not reverse the separately established སྤང་བླང་ entry.,སྤང་བླང་; དགག་སྒྲུབ་,L0488; L0549 དོོར་; N-C036. Full eight-column glossary search: no exact headword or English assignment found.,Proposed; Owner approval pending.
བདུད་,māra,"Scoped expression in the benefit, cultivation, or awakened-activity passage.",,,,L0513; N-C037. Full eight-column glossary search: no exact headword or English assignment found.,Proposed; Owner approval pending.
སེང་ངེ་,lucidly,"Scoped expression in the benefit, cultivation, or awakened-activity passage.",,,སང་མ་སེང་མ་; ས་ལེ་བ་; ཝལ་གྱིས་,L0526; N-C037. Full eight-column glossary search: no exact headword or English assignment found.,Proposed; Owner approval pending.
ཡིད་བཞིན་ནོར་བུ་,wish-fulfilling jewel,"Scoped expression in the benefit, cultivation, or awakened-activity passage.",,,ཡིད་,L0574; N-C037. Full eight-column glossary search: no exact headword or English assignment found.,Proposed; Owner approval pending.
དོན་བྱེད་,act for the benefit,Contextual benefit/purpose construction; not a replacement for standalone meaning.,,Only the explicit action/purpose relationship in these occurrences.,དོན་,L0568; N-C037. Full eight-column glossary search: no exact headword or English assignment found.,Proposed; Owner approval pending.
དོན་མཛད་,act for the benefit,Contextual benefit/purpose construction; not a replacement for standalone meaning.,,Only the explicit action/purpose relationship in these occurrences.,དོན་,L0572; N-C037. Full eight-column glossary search: no exact headword or English assignment found.,Proposed; Owner approval pending.
དོན་དུ་,for the benefit,Contextual benefit/purpose construction; not a replacement for standalone meaning.,,Only the explicit action/purpose relationship in these occurrences.,དོན་,L0584; N-C037. Full eight-column glossary search: no exact headword or English assignment found.,Proposed; Owner approval pending.
རང་བྱུང་,naturally arising,Component-family proposal for the Shakyamuni epithet.,,Preserve separate རང་ཤར་ → self-arising.,རང་བྱུང་ཡེ་ཤེས་; རང་ཤར་,"L0567; N-C026. Full eight-column glossary search: ཡེ་ཤེས་, རང་བྱུང་ཡེ་ཤེས་, ཤེས་རབ་རང་བྱུང་གི་སྒྲོན་མ་, ཤེས་རབ་.",Proposed; Owner approval pending.
སྲེད་པ་,craving,Scoped technical expression at L0436.,Inflect ordinary number when supported.,No blanket replacement of related established entries.,ཞེན་པ་; ཉོན་མོངས་,"L0436; N-C038; full glossary headword, compound, family, and English search found no complete assignment.",Proposed; lexical choice and compound scope require owner approval.
གཉེན་པོ་,antidote,Scoped technical expression at L0448.,Inflect ordinary number when supported.,No blanket replacement of related established entries.,ཉོན་མོངས་,"L0448; N-C038; full glossary headword, compound, family, and English search found no complete assignment.",Proposed; lexical choice and compound scope require owner approval.
མཚན་དང་དཔེ་བྱད་,major and minor marks,Scoped technical expression at L0566.,Inflect ordinary number when supported.,No blanket replacement of related established entries.,མཚན་མ་,"L0566; N-C038; full glossary headword, compound, family, and English search found no complete assignment.",Proposed; lexical choice and compound scope require owner approval.
དཔག་བསམ་ཤིང་ཆེན་,great wish-fulfilling tree,Scoped technical expression at L0573.,Inflect ordinary number when supported.,No blanket replacement of related established entries.,ཡིད་བཞིན་ནོར་བུ་,"L0573; N-C038; full glossary headword, compound, family, and English search found no complete assignment.",Proposed; lexical choice and compound scope require owner approval.
